﻿<?xml version="1.0" encoding="utf-8"?>
<ArrayOfPlayer xmlns:xsi="http://www.w3.org/2001/XMLSchema-instance" xmlns:xsd="http://www.w3.org/2001/XMLSchema">
  <Player>
    <Name>Jin</Name>
    <HP>42</HP>
    <HPMax>100</HPMax>
    <XP>16</XP>
    <GP>295</GP>
    <IsProtected>true</IsProtected>
    <MyPowers>
      <Power>
        <Name>Sleepy Dust</Name>
        <Price>600</Price>
        <Type>SLEEPY</Type>
        <MinXP>6</MinXP>
      </Power>
      <Power>
        <Name>Magic Cape</Name>
        <Price>300</Price>
        <Type>INVISIBLE</Type>
        <MinXP>3</MinXP>
      </Power>
      <Power>
        <Name>Wood Shield</Name>
        <Price>100</Price>
        <Type>PROTECT</Type>
        <MinXP>1</MinXP>
      </Power>
      <Power>
        <Name>Sleepy Dust</Name>
        <Price>600</Price>
        <Type>SLEEPY</Type>
        <MinXP>6</MinXP>
      </Power>
      <Power>
        <Name>Wood Shield</Name>
        <Price>100</Price>
        <Type>PROTECT</Type>
        <MinXP>1</MinXP>
      </Power>
      <Power>
        <Name>Sleepy Dust</Name>
        <Price>600</Price>
        <Type>SLEEPY</Type>
        <MinXP>6</MinXP>
      </Power>
      <Power>
        <Name>Sleepy Dust</Name>
        <Price>600</Price>
        <Type>SLEEPY</Type>
        <MinXP>6</MinXP>
      </Power>
      <Power>
        <Name>Magic Cape</Name>
        <Price>300</Price>
        <Type>INVISIBLE</Type>
        <MinXP>3</MinXP>
      </Power>
      <Power>
        <Name>Magic Cape</Name>
        <Price>300</Price>
        <Type>INVISIBLE</Type>
        <MinXP>3</MinXP>
      </Power>
      <Power>
        <Name>Magic Cape</Name>
        <Price>300</Price>
        <Type>INVISIBLE</Type>
        <MinXP>3</MinXP>
      </Power>
      <Power>
        <Name>Magic Cape</Name>
        <Price>300</Price>
        <Type>INVISIBLE</Type>
        <MinXP>3</MinXP>
      </Power>
      <Power>
        <Name>Magic Cape</Name>
        <Price>300</Price>
        <Type>INVISIBLE</Type>
        <MinXP>3</MinXP>
      </Power>
      <Power>
        <Name>Magic Cape</Name>
        <Price>300</Price>
        <Type>INVISIBLE</Type>
        <MinXP>3</MinXP>
      </Power>
      <Power>
        <Name>Magic Cape</Name>
        <Price>300</Price>
        <Type>INVISIBLE</Type>
        <MinXP>3</MinXP>
      </Power>
      <Power>
        <Name>Magic Cape</Name>
        <Price>300</Price>
        <Type>INVISIBLE</Type>
        <MinXP>3</MinXP>
      </Power>
      <Power>
        <Name>Sleepy Dust</Name>
        <Price>600</Price>
        <Type>SLEEPY</Type>
        <MinXP>6</MinXP>
      </Power>
      <Power>
        <Name>Wood Shield</Name>
        <Price>100</Price>
        <Type>PROTECT</Type>
        <MinXP>1</MinXP>
      </Power>
      <Power>
        <Name>Magic Cape</Name>
        <Price>300</Price>
        <Type>INVISIBLE</Type>
        <MinXP>3</MinXP>
      </Power>
      <Power>
        <Name>Magic Potion</Name>
        <Price>200</Price>
        <Type>HEALING</Type>
        <MinXP>2</MinXP>
      </Power>
      <Power>
        <Name>Magic Cape</Name>
        <Price>300</Price>
        <Type>INVISIBLE</Type>
        <MinXP>3</MinXP>
      </Power>
      <Power>
        <Name>Magic Cape</Name>
        <Price>300</Price>
        <Type>INVISIBLE</Type>
        <MinXP>3</MinXP>
      </Power>
      <Power>
        <Name>Magic Cape</Name>
        <Price>300</Price>
        <Type>INVISIBLE</Type>
        <MinXP>3</MinXP>
      </Power>
    </MyPowers>
    <MyWeapon>
      <Name>Magic Sword</Name>
      <Price>500</Price>
      <MinDamage>50</MinDamage>
      <MaxDamage>60</MaxDamage>
    </MyWeapon>
  </Player>
  <Player>
    <Name>Loco</Name>
    <HP>0</HP>
    <HPMax>100</HPMax>
    <XP>0</XP>
    <GP>609</GP>
    <IsProtected>false</IsProtected>
    <MyPowers>
      <Power>
        <Name>Sleepy Dust</Name>
        <Price>600</Price>
        <Type>SLEEPY</Type>
        <MinXP>6</MinXP>
      </Power>
    </MyPowers>
    <MyWeapon>
      <Name>Magic Sword</Name>
      <Price>500</Price>
      <MinDamage>50</MinDamage>
      <MaxDamage>60</MaxDamage>
    </MyWeapon>
  </Player>
</ArrayOfPlayer>